dataset,sigma,method,mean_ssim,std_ssim
BSD68,10,adaptive,0.627388761582785,0.107417960677481
BSD68,10,bilateral,0.862575468778526,0.0377555565454047
BSD68,10,guided,0.843385612250486,0.0391027307257609
BSD68,10,l0,0.568855216821569,0.126518416615193
BSD68,10,lgss,0.717920139525,0.0778005369705379
BSD68,10,original,0.501599027983935,0.140194249850156
BSD68,10,tv,0.2883407595,0.121288909502951
BSD68,20,adaptive,0.690752527925641,0.0733360998357696
BSD68,20,bilateral,0.67439713854334,0.0668271108351823
BSD68,20,guided,0.665849231742292,0.0618513038373979
BSD68,20,l0,0.583358898462201,0.117399538643437
BSD68,20,lgss,0.738117039542647,0.065134056278987
BSD68,20,original,0.517374937606323,0.131853340083
BSD68,20,tv,0.267046187038235,0.111193160789032
BSD68,25,adaptive,0.581655848100756,0.0841336572172908
BSD68,25,bilateral,0.547852830061657,0.0941567104203515
BSD68,25,guided,0.547511572482783,0.0897592363957679
BSD68,25,l0,0.591645015061575,0.108949917080839
BSD68,25,lgss,0.695202542230882,0.0693567632016673
BSD68,25,original,0.531662411064383,0.125011591888978
BSD68,25,tv,0.245111720888235,0.10447011713817
BSD68,50,adaptive,0.208787329210691,0.0892325615868588
BSD68,50,bilateral,0.231633947538565,0.0918600243092144
BSD68,50,guided,0.23955615358391,0.0918030009475116
BSD68,50,l0,0.282696217616273,0.0880088861493057
BSD68,50,lgss,0.283478862898529,0.10929622413163
BSD68,50,original,0.343948112382972,0.109624627624693
BSD68,50,tv,0.150713872738235,0.073065624037185
Kodak24,10,adaptive,0.65083043340295,0.0890083032643693
Kodak24,10,bilateral,0.855887284734051,0.03027983315482
Kodak24,10,guided,0.837238297014562,0.0316030019127847
Kodak24,10,l0,0.612149365761508,0.111489185579301
Kodak24,10,lgss,0.735647489141667,0.0662017251240192
Kodak24,10,original,0.555259830229294,0.126116103868178
Kodak24,10,tv,0.23670136975,0.102845163747061
Kodak24,20,adaptive,0.696579449631061,0.0621700706895707
Kodak24,20,bilateral,0.639821456253661,0.0634519597136328
Kodak24,20,guided,0.634083917533763,0.0582322769127569
Kodak24,20,l0,0.625008706441174,0.106054319292871
Kodak24,20,lgss,0.754623911633333,0.0593087234253241
Kodak24,20,original,0.567368112289627,0.120297268708546
Kodak24,20,tv,0.220038174445833,0.0951644935115938
Kodak24,25,adaptive,0.54085516124771,0.0806948297252645
Kodak24,25,bilateral,0.500089505824183,0.0886021556795409
Kodak24,25,guided,0.501954727332287,0.08506941641788
Kodak24,25,l0,0.630085299117456,0.100951941311258
Kodak24,25,lgss,0.703539899241667,0.0608666414622338
Kodak24,25,original,0.57853369324102,0.114438408106495
Kodak24,25,tv,0.201006131025,0.0892932452620456
Kodak24,50,adaptive,0.170134324243149,0.0770321391846792
Kodak24,50,bilateral,0.191817675958706,0.0794428763959745
Kodak24,50,guided,0.199091174660623,0.0795659550270016
Kodak24,50,l0,0.241276459082334,0.0840959410918052
Kodak24,50,lgss,0.23161888355,0.112367902191051
Kodak24,50,original,0.293273075802404,0.110785208227469
Kodak24,50,tv,0.12152089105,0.0619251370205545
Set12,10,adaptive,0.676287691548515,0.075743549832402
Set12,10,bilateral,0.878042298419129,0.0268254035022073
Set12,10,guided,0.854492847299295,0.0265685092261195
Set12,10,l0,0.650860534422441,0.0887893654729665
Set12,10,lgss,0.750488262141667,0.0568316277090907
Set12,10,original,0.550112170911967,0.0942455617554245
Set12,10,tv,0.270534769516667,0.0580579700178123
Set12,20,adaptive,0.724360979172967,0.052866787832253
Set12,20,bilateral,0.662104370868942,0.038543378062626
Set12,20,guided,0.6469163120025,0.0324522678651639
Set12,20,l0,0.661129867747546,0.0826027214262384
Set12,20,lgss,0.7706965662,0.0468864741202645
Set12,20,original,0.570126768790682,0.0941021799647602
Set12,20,tv,0.254047279616667,0.0545191226937539
Set12,25,adaptive,0.572977899717362,0.0545584954559727
Set12,25,bilateral,0.526725747853639,0.0511747879654368
Set12,25,guided,0.520470200326945,0.0464564819562666
Set12,25,l0,0.664580059040581,0.0749026020810506
Set12,25,lgss,0.735754095383333,0.0530771747674826
Set12,25,original,0.587501872043568,0.0917383150023614
Set12,25,tv,0.234063215516667,0.0524882919084947
Set12,50,adaptive,0.196955284383602,0.0490976142488492
Set12,50,bilateral,0.222276470661369,0.0501927782116377
Set12,50,guided,0.227336093150908,0.0498648107040542
Set12,50,l0,0.273863266354418,0.0575121383775061
Set12,50,lgss,0.261710286741667,0.0720381212104184
Set12,50,original,0.328719706223168,0.072103512870799
Set12,50,tv,0.146604495425,0.0411330687849819
custom,10,adaptive,0.727062903756949,0.0623755630456362
custom,10,bilateral,0.896334795883101,0.0222628301901581
custom,10,guided,0.874129403710192,0.0149677568921366
custom,10,l0,0.720720437781518,0.0439952549557333
custom,10,lgss,0.77863783525,0.0403782288752617
custom,10,original,0.64066688272335,0.0575211907704031
custom,10,tv,0.26399576635,0.123554801020853
custom,20,adaptive,0.762649866028442,0.0391680097849885
custom,20,bilateral,0.665649312203661,0.0567800177146697
custom,20,guided,0.646930083948572,0.04093682810676
custom,20,l0,0.727783198041081,0.0369823669206896
custom,20,lgss,0.8099942679,0.0370089955529512
custom,20,original,0.659229718115125,0.0584595761423572
custom,20,tv,0.252114947166667,0.0836523593277197
custom,25,adaptive,0.584949263162295,0.0678576491009055
custom,25,bilateral,0.524872623033735,0.0749791424968187
custom,25,guided,0.5144990614802,0.0613512670655655
custom,25,l0,0.728274567180436,0.0302853684419487
custom,25,lgss,0.7798283866,0.040468467249655
custom,25,original,0.671957732780994,0.0611921753753842
custom,25,tv,0.234018423133333,0.0808901171308734
custom,50,adaptive,0.20137079979568,0.0748686965630745
custom,50,bilateral,0.225033701720497,0.0770387870353171
custom,50,guided,0.22805779603915,0.0745507945914185
custom,50,l0,0.282443327212629,0.0795543655424868
custom,50,lgss,0.2677760025,0.082099187189704
custom,50,original,0.329022512481482,0.0778026607412244
custom,50,tv,0.152906776233333,0.0638262029282351
