Metric,Dataset,Sigma,Comparison,Mean_Diff,CI_Lower,CI_Upper,Std_Diff,N
PSNR,BSD68,10,Adaptive vs bilateral,-8.36843132261857,-8.92993850025084,-7.8069241449863,2.31978327971563,68
PSNR,BSD68,10,Adaptive vs guided,-7.16674818111884,-7.7134662856474,-6.62003007659027,2.25868442670873,68
PSNR,BSD68,10,Adaptive vs l0,1.05429161535812,0.733547368194112,1.37503586252213,1.32510708905546,68
PSNR,BSD68,10,Adaptive vs lgss,-2.90340435151949,-3.20403496536765,-2.60277373767132,1.24201060851326,68
PSNR,BSD68,10,Adaptive vs original,3.05913326309872,2.74189060873963,3.3763759174578,1.31064077987045,68
PSNR,BSD68,10,Adaptive vs tv,4.78546944588492,4.44025328939409,5.13068560237576,1.42620913786357,68
SSIM,BSD68,10,Adaptive vs bilateral,-0.235186707195741,-0.254807953430901,-0.215565460960581,0.0810622566490443,68
SSIM,BSD68,10,Adaptive vs guided,-0.215996850667701,-0.234764808511423,-0.197228892823979,0.0775370227391585,68
SSIM,BSD68,10,Adaptive vs l0,0.0585335447612161,0.0416967915900804,0.0753702979323518,0.0695585382466445,68
SSIM,BSD68,10,Adaptive vs lgss,-0.0905313779422147,-0.10097443448024,-0.0800883214041896,0.0431439328134482,68
SSIM,BSD68,10,Adaptive vs original,0.12578973359885,0.104279919510983,0.147299547686716,0.0888645934700815,68
SSIM,BSD68,10,Adaptive vs tv,0.339048002082785,0.297301711570274,0.380794292595297,0.1724685820214,68
PSNR,BSD68,20,Adaptive vs bilateral,-2.34850540637007,-2.60736285322644,-2.0896479595137,1.06943099032038,68
PSNR,BSD68,20,Adaptive vs guided,-2.02717632072339,-2.30810739381853,-1.74624524762824,1.16062488972401,68
PSNR,BSD68,20,Adaptive vs l0,2.62687326941805,2.40912724431432,2.84461929452178,0.899585274030064,68
PSNR,BSD68,20,Adaptive vs lgss,-1.01466980378166,-1.22586433509208,-0.803475272471242,0.872518753130055,68
PSNR,BSD68,20,Adaptive vs original,4.56634795458699,4.33864784852358,4.79404806065041,0.940709077064213,68
PSNR,BSD68,20,Adaptive vs tv,7.27006937679775,6.99064763551918,7.54949111807633,1.15438931010705,68
SSIM,BSD68,20,Adaptive vs bilateral,0.0163553893823009,-0.00505922972586659,0.0377700084904685,0.088471309588743,68
SSIM,BSD68,20,Adaptive vs guided,0.0249032961833489,0.00454767728023188,0.045258915086466,0.0840962079573612,68
SSIM,BSD68,20,Adaptive vs l0,0.10739362946344,0.0870352638288762,0.127751995098003,0.0841075556692643,68
SSIM,BSD68,20,Adaptive vs lgss,-0.0473645116170062,-0.0552478930291701,-0.0394811302048422,0.0325690162406713,68
SSIM,BSD68,20,Adaptive vs original,0.173377590319318,0.148292863932061,0.198462316706575,0.103633811227092,68
SSIM,BSD68,20,Adaptive vs tv,0.423706340887406,0.393111816342622,0.454300865432189,0.126396721746482,68
PSNR,BSD68,25,Adaptive vs bilateral,-0.970713467528515,-1.04593447435755,-0.895492460699482,0.310764387128892,68
PSNR,BSD68,25,Adaptive vs guided,-0.958166499626281,-1.05207614855917,-0.86425685069339,0.38797372870121,68
PSNR,BSD68,25,Adaptive vs l0,1.42482882511314,1.21134738066715,1.63831026955914,0.881966794162138,68
PSNR,BSD68,25,Adaptive vs lgss,-0.788112871166106,-0.932251671205414,-0.643974071126798,0.595487985922842,68
PSNR,BSD68,25,Adaptive vs original,3.21019357807535,2.91636044693927,3.50402670921144,1.21392782103022,68
PSNR,BSD68,25,Adaptive vs tv,6.86217041036919,6.63150487334826,7.09283594739011,0.95296031342666,68
SSIM,BSD68,25,Adaptive vs bilateral,0.0338030180390986,0.0225927761615846,0.0450132599166125,0.0463134447874426,68
SSIM,BSD68,25,Adaptive vs guided,0.0341442756179732,0.0242030524598794,0.0440854987760671,0.0410706829417786,68
SSIM,BSD68,25,Adaptive vs l0,-0.00998916696081859,-0.0450260669978085,0.0250477330761713,0.144749734494233,68
SSIM,BSD68,25,Adaptive vs lgss,-0.113546694130126,-0.135032814075677,-0.092060574184576,0.0887667046498461,68
SSIM,BSD68,25,Adaptive vs original,0.0499934370363731,0.0107436821339886,0.0892431919387576,0.162154516954576,68
SSIM,BSD68,25,Adaptive vs tv,0.336544127212521,0.319111969572952,0.353976284852089,0.0720183631350142,68
PSNR,BSD68,50,Adaptive vs bilateral,-1.35224189627035,-1.38956257228625,-1.31492122025445,0.154184814830751,68
PSNR,BSD68,50,Adaptive vs guided,-1.75417634904252,-1.79602137977063,-1.71233131831441,0.172876512516859,68
PSNR,BSD68,50,Adaptive vs l0,-2.22022777900129,-2.31048455178251,-2.12997100622008,0.372882414899556,68
PSNR,BSD68,50,Adaptive vs lgss,-0.924250202802434,-1.01839913466404,-0.830101270940828,0.388962290485041,68
PSNR,BSD68,50,Adaptive vs original,-2.43187507035887,-2.55085246912869,-2.31289767158906,0.491537403838915,68
PSNR,BSD68,50,Adaptive vs tv,1.90527381049315,1.8658067699644,1.94474085102191,0.163052200159824,68
SSIM,BSD68,50,Adaptive vs bilateral,-0.0228466183278738,-0.0247586193013977,-0.0209346173543498,0.00789914726982461,68
SSIM,BSD68,50,Adaptive vs guided,-0.0307688243732191,-0.0321493075438704,-0.0293883412025677,0.00570326062564271,68
SSIM,BSD68,50,Adaptive vs l0,-0.0739088884055818,-0.0831508045404485,-0.0646669722707152,0.0381816001223732,68
SSIM,BSD68,50,Adaptive vs lgss,-0.0746915336878383,-0.0914316116999583,-0.0579514556757183,0.0691591392249007,68
SSIM,BSD68,50,Adaptive vs original,-0.135160783172281,-0.153119940321765,-0.117201626022797,0.0741955831247505,68
SSIM,BSD68,50,Adaptive vs tv,0.0580734564724558,0.0533234969661029,0.0628234159788086,0.0196237502940343,68
PSNR,Kodak24,10,Adaptive vs bilateral,-8.648408232737,-9.58463608541257,-7.71218038006142,2.21716780049666,24
PSNR,Kodak24,10,Adaptive vs guided,-7.42636770093909,-8.34206766352277,-6.5106677383554,2.16855380466882,24
PSNR,Kodak24,10,Adaptive vs l0,0.849580416895909,0.339354268605146,1.35980656518667,1.20831374940275,24
PSNR,Kodak24,10,Adaptive vs lgss,-3.31300189696456,-3.79095102218897,-2.83505277174015,1.1318755447135,24
PSNR,Kodak24,10,Adaptive vs original,2.85671394782977,2.42076017623656,3.29266771942298,1.03242246224487,24
PSNR,Kodak24,10,Adaptive vs tv,5.42950790141044,4.9011356214894,5.95788018133148,1.25128728265029,24
SSIM,Kodak24,10,Adaptive vs bilateral,-0.205056851331101,-0.233889710211887,-0.176223992450314,0.0682817608171458,24
SSIM,Kodak24,10,Adaptive vs guided,-0.186407863611612,-0.213211976397585,-0.159603750825639,0.0634772994844172,24
SSIM,Kodak24,10,Adaptive vs l0,0.038681067641442,0.0211674267543913,0.0561947085284926,0.0414756733985847,24
SSIM,Kodak24,10,Adaptive vs lgss,-0.0848170557387166,-0.100023908505228,-0.0696102029722048,0.0360127550194633,24
SSIM,Kodak24,10,Adaptive vs original,0.0955706031736563,0.0685768696896251,0.122564336657688,0.0639263578037577,24
SSIM,Kodak24,10,Adaptive vs tv,0.41412906365295,0.346309956860475,0.481948170445425,0.160608701620016,24
PSNR,Kodak24,20,Adaptive vs bilateral,-2.04183944165592,-2.40781330029747,-1.67586558301437,0.866696555635092,24
PSNR,Kodak24,20,Adaptive vs guided,-1.7865959077762,-2.19982476681638,-1.37336704873602,0.978605494251769,24
PSNR,Kodak24,20,Adaptive vs l0,2.74096906407418,2.48648692944858,2.99545119869979,0.602662688448199,24
PSNR,Kodak24,20,Adaptive vs lgss,-1.29522481106053,-1.69814062367408,-0.892308998446974,0.954182214815258,24
PSNR,Kodak24,20,Adaptive vs original,4.73116449527999,4.35166094174266,5.11066804881733,0.898737477925273,24
PSNR,Kodak24,20,Adaptive vs tv,8.14668336686448,7.68071566898226,8.61265106474669,1.10350121806727,24
SSIM,Kodak24,20,Adaptive vs bilateral,0.0567579933773999,0.0206092188706574,0.0929067678841424,0.0856072575011685,24
SSIM,Kodak24,20,Adaptive vs guided,0.0624955320972978,0.0284861915502128,0.0965048726443828,0.080540665994533,24
SSIM,Kodak24,20,Adaptive vs l0,0.071570743189887,0.0434700150216544,0.0996714713581197,0.0665479343378442,24
SSIM,Kodak24,20,Adaptive vs lgss,-0.0580444620022727,-0.0707828152526247,-0.0453061087519208,0.0301668729223539,24
SSIM,Kodak24,20,Adaptive vs original,0.129211337341433,0.0919192541378712,0.166503420544995,0.0883148326084158,24
SSIM,Kodak24,20,Adaptive vs tv,0.476541275185227,0.426142443279871,0.526940107090583,0.119354136884368,24
PSNR,Kodak24,25,Adaptive vs bilateral,-0.8770543476685,-0.957442038483192,-0.796666656853807,0.190373528325673,24
PSNR,Kodak24,25,Adaptive vs guided,-0.926532380146254,-1.03860442154073,-0.81446033875178,0.265408170463673,24
PSNR,Kodak24,25,Adaptive vs l0,1.11767051924846,0.71119807764348,1.52414296085344,0.96260499699971,24
PSNR,Kodak24,25,Adaptive vs lgss,-1.22040257971325,-1.50748646048983,-0.93331869893668,0.679869899918487,24
PSNR,Kodak24,25,Adaptive vs original,2.96748762291835,2.50371758689196,3.43125765894475,1.09829673169232,24
PSNR,Kodak24,25,Adaptive vs tv,7.33374758246175,6.98525071116423,7.68224445375926,0.825307684883023,24
SSIM,Kodak24,25,Adaptive vs bilateral,0.040765655423527,0.0245009681538578,0.0570303426931961,0.0385179107803733,24
SSIM,Kodak24,25,Adaptive vs guided,0.0389004339154228,0.025424759868693,0.0523761079621526,0.0319129905193616,24
SSIM,Kodak24,25,Adaptive vs l0,-0.0892301378697456,-0.148260003464434,-0.0302002722750572,0.139794086332893,24
SSIM,Kodak24,25,Adaptive vs lgss,-0.162684737993957,-0.201133875401722,-0.124235600586191,0.0910549597234754,24
SSIM,Kodak24,25,Adaptive vs original,-0.0376785319933095,-0.103636597634696,0.0282795336480775,0.156201397881082,24
SSIM,Kodak24,25,Adaptive vs tv,0.33984903022271,0.311598403488581,0.36809965695684,0.0669029230008041,24
PSNR,Kodak24,50,Adaptive vs bilateral,-1.42678449907041,-1.48262343437748,-1.37094556376334,0.132237349084462,24
PSNR,Kodak24,50,Adaptive vs guided,-1.82920151384346,-1.89576574108833,-1.7626372865986,0.157636905258151,24
PSNR,Kodak24,50,Adaptive vs l0,-2.38206846378784,-2.51866862434557,-2.2454683032301,0.323495478868471,24
PSNR,Kodak24,50,Adaptive vs lgss,-0.946362830568925,-1.05385507930357,-0.838870581834281,0.25456233972994,24
PSNR,Kodak24,50,Adaptive vs original,-2.49380549410072,-2.65021543932193,-2.3373955488795,0.370408862790039,24
PSNR,Kodak24,50,Adaptive vs tv,1.88453076596857,1.8305560745133,1.93850545742385,0.127822460733661,24
SSIM,Kodak24,50,Adaptive vs bilateral,-0.0216833517155566,-0.0252734734212302,-0.0180932300098829,0.00850209937990596,24
SSIM,Kodak24,50,Adaptive vs guided,-0.0289568504174742,-0.0310817193902518,-0.0268319814446965,0.00503209881360959,24
SSIM,Kodak24,50,Adaptive vs l0,-0.071142134839185,-0.0880142309555262,-0.0542700387228438,0.0399563718694442,24
SSIM,Kodak24,50,Adaptive vs lgss,-0.0614845593068509,-0.0937548947728286,-0.0292142238408731,0.0764223671640589,24
SSIM,Kodak24,50,Adaptive vs original,-0.123138751559255,-0.155864516839259,-0.0904129862792504,0.0775009126443711,24
SSIM,Kodak24,50,Adaptive vs tv,0.0486134331931491,0.0405274918128867,0.0566993745734116,0.0191490659178604,24
PSNR,Set12,10,Adaptive vs bilateral,-9.11467012816693,-10.0939196845577,-8.13542057177616,1.54122800617836,12
PSNR,Set12,10,Adaptive vs guided,-7.51145017627308,-8.54626705341158,-6.47663329913459,1.62868468196215,12
PSNR,Set12,10,Adaptive vs l0,0.0125802731615083,-0.622486223014281,0.647646769337298,0.99952281142633,12
PSNR,Set12,10,Adaptive vs lgss,-2.68771638417173,-3.1577570915325,-2.21767567681096,0.739790891402987,12
PSNR,Set12,10,Adaptive vs original,3.44431323732593,2.93277275414317,3.9558537205087,0.805106843122916,12
PSNR,Set12,10,Adaptive vs tv,4.86249693824493,3.90198696209796,5.8230069143919,1.51173402713361,12
SSIM,Set12,10,Adaptive vs bilateral,-0.201754606870614,-0.23788272138791,-0.165626492353317,0.0568615645941187,12
SSIM,Set12,10,Adaptive vs guided,-0.17820515575078,-0.21269527491963,-0.143715036581929,0.0542835452439553,12
SSIM,Set12,10,Adaptive vs l0,0.0254271571260742,0.00440790673605044,0.046446407516098,0.0330819219253776,12
SSIM,Set12,10,Adaptive vs lgss,-0.0742005705931516,-0.0932405384561164,-0.0551606027301868,0.0299667551704534,12
SSIM,Set12,10,Adaptive vs original,0.126175520636548,0.0966900686737959,0.1556609725993,0.0464067653063973,12
SSIM,Set12,10,Adaptive vs tv,0.405752922031848,0.350754378346088,0.460751465717609,0.0865614850416045,12
PSNR,Set12,20,Adaptive vs bilateral,-1.97652761727443,-2.40120027096612,-1.55185496358273,0.668386708021695,12
PSNR,Set12,20,Adaptive vs guided,-1.44563094241013,-1.9997065918666,-0.891555292953667,0.872052382266281,12
PSNR,Set12,20,Adaptive vs l0,2.28850697007434,1.93522887107645,2.64178506907224,0.556019756753129,12
PSNR,Set12,20,Adaptive vs lgss,-0.644788152284033,-1.00055261409335,-0.28902369047472,0.559933010502871,12
PSNR,Set12,20,Adaptive vs original,5.3583453582971,4.78125995116621,5.93543076542799,0.908267137444623,12
PSNR,Set12,20,Adaptive vs tv,7.87143900935763,7.26012581725728,8.48275220145799,0.962137798340127,12
SSIM,Set12,20,Adaptive vs bilateral,0.0622566083040249,0.030192640169414,0.0943205764386358,0.0504650580189311,12
SSIM,Set12,20,Adaptive vs guided,0.077444667170467,0.0452569083099802,0.109632426030954,0.0506598906153618,12
SSIM,Set12,20,Adaptive vs l0,0.0632311114254213,0.0325444288390675,0.0939177940117751,0.048297366396683,12
SSIM,Set12,20,Adaptive vs lgss,-0.0463355870270329,-0.0608566615516374,-0.0318145125024284,0.0228545283386299,12
SSIM,Set12,20,Adaptive vs original,0.154234210382285,0.114049454818784,0.194418965945786,0.0632462586188654,12
SSIM,Set12,20,Adaptive vs tv,0.4703136995563,0.433658258103884,0.506969141008717,0.0576915175264593,12
PSNR,Set12,25,Adaptive vs bilateral,-0.677422478710717,-0.759790699654627,-0.595054257766807,0.129638260348807,12
PSNR,Set12,25,Adaptive vs guided,-0.538811998370667,-0.740025282913564,-0.33759871382777,0.31668694392433,12
PSNR,Set12,25,Adaptive vs l0,0.824300534067699,0.22708312354168,1.42151794459372,0.939952632986147,12
PSNR,Set12,25,Adaptive vs lgss,-0.943646348756583,-1.32988502323201,-0.557407674281153,0.607895973284661,12
PSNR,Set12,25,Adaptive vs original,3.63019924366909,2.79881807663827,4.46158041069992,1.30849989165156,12
PSNR,Set12,25,Adaptive vs tv,7.24902031540175,6.97565168762699,7.52238894317651,0.430251290273624,12
SSIM,Set12,25,Adaptive vs bilateral,0.0462521518637224,0.0336325237939655,0.0588717799334793,0.0198618667547319,12
SSIM,Set12,25,Adaptive vs guided,0.0525076993904168,0.0388839918028913,0.0661314069779423,0.021442174310774,12
SSIM,Set12,25,Adaptive vs l0,-0.0916021593232192,-0.145070110025572,-0.0381342086208662,0.0841525048621479,12
SSIM,Set12,25,Adaptive vs lgss,-0.162776195665972,-0.198772230991183,-0.12678016034076,0.0566536868896608,12
SSIM,Set12,25,Adaptive vs original,-0.0145239723262063,-0.0784230127612117,0.049375068108799,0.100569859892848,12
SSIM,Set12,25,Adaptive vs tv,0.338914684200695,0.327908310239809,0.349921058161581,0.0173227873163527,12
PSNR,Set12,50,Adaptive vs bilateral,-1.37485955177116,-1.43061852556289,-1.31910057797943,0.0877583159907875,12
PSNR,Set12,50,Adaptive vs guided,-1.74045914106121,-1.8129172622464,-1.66800101987602,0.114040884590521,12
PSNR,Set12,50,Adaptive vs l0,-2.34670147173923,-2.47911269537462,-2.21429024810384,0.208400284551953,12
PSNR,Set12,50,Adaptive vs lgss,-1.09041836451733,-1.2642008332503,-0.916635895784355,0.273513943454051,12
PSNR,Set12,50,Adaptive vs original,-2.51072747990991,-2.65632811099029,-2.36512684882953,0.22915891957655,12
PSNR,Set12,50,Adaptive vs tv,1.86084201979934,1.82551907846928,1.89616496112941,0.0555943130974118,12
SSIM,Set12,50,Adaptive vs bilateral,-0.0253211862777662,-0.0272855520496611,-0.0233568205058714,0.00309168947002751,12
SSIM,Set12,50,Adaptive vs guided,-0.0303808087673052,-0.0329227468634984,-0.0278388706711119,0.00400072296000242,12
SSIM,Set12,50,Adaptive vs l0,-0.076907981970816,-0.0859690837540172,-0.0678468801876148,0.0142611490032981,12
SSIM,Set12,50,Adaptive vs lgss,-0.0647550023580643,-0.0876769546388226,-0.0418330500773059,0.0360765594233173,12
SSIM,Set12,50,Adaptive vs original,-0.131764421839565,-0.151849368523704,-0.111679475155427,0.03161143360257,12
SSIM,Set12,50,Adaptive vs tv,0.0503507889586024,0.044620045664443,0.0560815322527618,0.00901954154948096,12
PSNR,custom,10,Adaptive vs bilateral,-8.7835875006129,-16.5760746673781,-0.991100333847699,3.13689822021767,3
PSNR,custom,10,Adaptive vs guided,-7.1467601248382,-15.1620433119457,0.868523062269341,3.22658568773949,3
PSNR,custom,10,Adaptive vs l0,0.00445050769706749,-4.32335176737418,4.33225278276831,1.74217486196522,3
PSNR,custom,10,Adaptive vs original,2.9868501814116,0.376416804559989,5.59728355826321,1.05084084690792,3
SSIM,custom,10,Adaptive vs bilateral,-0.169271892126152,-0.307459677677898,-0.031084106574405,0.0556280696106735,3
SSIM,custom,10,Adaptive vs guided,-0.147066499953242,-0.28089162302451,-0.0132413768819743,0.0538718616275804,3
SSIM,custom,10,Adaptive vs l0,0.00634246597543161,-0.0457539655488755,0.0584388974997387,0.0209716358629731,3
SSIM,custom,10,Adaptive vs original,0.086396021033599,0.0173439869319282,0.15544805513527,0.0277971844213969,3
PSNR,custom,20,Adaptive vs bilateral,-1.81007335677007,-4.41331382005002,0.793167106509882,1.0479453095399,3
PSNR,custom,20,Adaptive vs guided,-1.06985808248017,-4.75953738314929,2.61982121818896,1.48529579629036,3
PSNR,custom,20,Adaptive vs l0,1.90861693404714,0.806626091240416,3.01060777685385,0.443611011416212,3
PSNR,custom,20,Adaptive vs lgss,-0.171581514512867,-1.21612864687892,0.872965617853191,0.42048680611594,3
PSNR,custom,20,Adaptive vs original,4.53356379790293,2.19470621405976,6.8724213817461,0.941516878384009,3
PSNR,custom,20,Adaptive vs tv,8.32287059722047,6.23872067545537,10.4070205189856,0.838983246342088,3
SSIM,custom,20,Adaptive vs bilateral,0.0970005538247813,0.027449949957018,0.166551157692545,0.0279978857608331,3
SSIM,custom,20,Adaptive vs guided,0.11571978207987,0.0781027001831235,0.153336863976616,0.0151429132607311,3
SSIM,custom,20,Adaptive vs l0,0.034866667987361,-0.0214237692547661,0.0911571052294881,0.0226599503626007,3
SSIM,custom,20,Adaptive vs lgss,-0.0473444018715576,-0.0802790779337798,-0.0144097258093355,0.0132579912564575,3
SSIM,custom,20,Adaptive vs original,0.103420147913317,-0.00747698147064299,0.214317277297278,0.0446421021102819,3
SSIM,custom,20,Adaptive vs tv,0.510534918861776,0.380103306261246,0.640966531462305,0.052505789829432,3
PSNR,custom,25,Adaptive vs bilateral,-0.619736979974866,-0.756289375886742,-0.48318458406299,0.0549697366880922,3
PSNR,custom,25,Adaptive vs guided,-0.3066114051805,-1.24254408158231,0.629321271221308,0.376763603714363,3
PSNR,custom,25,Adaptive vs l0,0.256679235198466,-1.21759001113812,1.73094848153505,0.593473235949471,3
PSNR,custom,25,Adaptive vs lgss,-0.867715104444799,-2.35249969660523,0.617069487715636,0.597706232282207,3
PSNR,custom,25,Adaptive vs original,2.6349857552351,-2.39124722374619,7.66121873421639,2.02333105576493,3
PSNR,custom,25,Adaptive vs tv,7.48467547158853,6.24790471113619,8.72144623204088,0.497867229583224,3
SSIM,custom,25,Adaptive vs bilateral,0.06007664012856,0.000532104788008275,0.119621175469112,0.023969901128628,3
SSIM,custom,25,Adaptive vs guided,0.070450201682095,0.0232696922245698,0.11763071113962,0.018992710925145,3
SSIM,custom,25,Adaptive vs l0,-0.143325304018141,-0.260975666299567,-0.0256749417367141,0.0473606441884937,3
SSIM,custom,25,Adaptive vs lgss,-0.194879123437705,-0.292396674148139,-0.0973615727272716,0.039256096893969,3
SSIM,custom,25,Adaptive vs original,-0.087008469618699,-0.241527357016393,0.0675104177789945,0.0622022227941699,3
SSIM,custom,25,Adaptive vs tv,0.350930840028962,0.284134725689974,0.417726954367949,0.0268890545089478,3
PSNR,custom,50,Adaptive vs bilateral,-1.3657526470295,-1.65081636974372,-1.08068892431528,0.114753590900308,3
PSNR,custom,50,Adaptive vs guided,-1.6935812162107,-2.14780352901175,-1.23935890340965,0.182849087090668,3
PSNR,custom,50,Adaptive vs l0,-2.41078148297427,-2.87480693537897,-1.94675603056956,0.186795381838052,3
PSNR,custom,50,Adaptive vs lgss,-1.16835706823623,-1.62738762653608,-0.709326509936384,0.184784666376815,3
PSNR,custom,50,Adaptive vs original,-2.50459892436773,-2.97882916792551,-2.03036868080996,0.190903363092391,3
PSNR,custom,50,Adaptive vs tv,1.8689851887971,1.6757908525057,2.0621795250885,0.0777711861051689,3
SSIM,custom,50,Adaptive vs bilateral,-0.0236629019248173,-0.0369270611129315,-0.0103987427367032,0.0053395426209154,3
SSIM,custom,50,Adaptive vs guided,-0.0266869962434703,-0.0387596430334306,-0.0146143494535101,0.00485989433389899,3
SSIM,custom,50,Adaptive vs l0,-0.0810725274169487,-0.0967518642567126,-0.0653931905771848,0.00631178246101187,3
SSIM,custom,50,Adaptive vs lgss,-0.06640520270432,-0.165925211349859,0.0331148059412195,0.0400621946902522,3
SSIM,custom,50,Adaptive vs original,-0.127651712685802,-0.164604178743682,-0.090699246627922,0.0148753693819346,3
SSIM,custom,50,Adaptive vs tv,0.0484640235623467,0.0209743396084059,0.0759537075162875,0.011066086966077,3
